book_id,title,author,date,categorized_subject,description,preface
aunt,"""Aunt Babette's"" Cook Book Foreign and Domestic Receipts for the Household A valuable collection of receipts and hints for the housewife, many of which are not to be found elsewhere","['""Aunt Babette""']",1889,Jewish,"Preface. Miscellaneous. Soups. Fish and Oysters. Fish and Meat Sauces. Meats. Poultry. Game. Entrees. Eggs. Vegetables. Salads. Sandwiches. Bread. Toasts, Fritters, Waffles, Etc. Dumplings. Pies. Puddings. Pudding Sauces. Strudels. Creams, Custards, Etc. Cake. Layer and Tart Cakes. Coffee Cakes. Icing for Cakes. Cookies, Etc. Ice-Cream, Etc. Confectionery. Preserves. Jellies. Brandied Fruits. Raw Fruit Desserts. Canning. Pickles, Relishes, Etc. Beverages. Easter Dishes. Bills of Fare. Wedding Menu. Valuable Hints.","PREFACE. IN compiling these receipts, dear reader, it never occurred to me that the public would ever lay eyes on them. I hoarded them up as treasures for my own daughters and grandchildren. I think it the duty of every woman to be the head of her household, as much as it is the duty of the man to be the head of his place of business or counting room, wherein to rule means to understand his position and duties. This same rule is applicable to the household. In order to govern and command the respect of your servants and to show them that you are not ignorant of the duties you expect them to perform, you must first learn the management of a household yourself. The more and better educated you are the more fit you are to perform the duties of help-meet to your dear husband. It is indeed a wife's duty to see that nothing goes to waste, and food improperly prepared is a waste; and what is still more important the health of every member of the family depends on properly selected and prepared food, made palatable by seasoning, and that not too high. A young lady ignorant of housekeeping and its duties is as unfit to be married as a Many a lady may tell you that she did not know how to make a cup of tea when she got married, but prides herself on being an excellent ""cook and housekeeper"" now. Well and good, all honor is due her for her industry and perseverance, but she probably never told you of the heartaches and restless nights of worry it caused her when Henry came home and told her that his dear mother or father intended paying them a visit, or that he had invited them to dinner, on a special occasion, and wouldn't dear mother In issuing this edition for the ""household"" II must admit with thanks that I owe my success to the many encouraging letters received, through the kindness of the publishers, from intelligent housekeepers all over the country. The letters of praise and kind acknowledgments I have in my possession would alone fill a volume like this. BABETTE."
bart,The Ideal Bartender,['Tom Bullock'],1917,AfricanAmerican,,
cclu,Cooking in old Créole days La cuisine créole à l'usage des petits ménages,['Célestine. Eustis'],1904,Creole,Sample recipes: Gumbo Filé. Creme d'Orge. Okra Gumbo. Crab Gumbo. Herb Gumbo.,
chin,Chinese-Japanese Cook Book,"['Sara Bosse', 'Onoto Watanna']",1914,Chinese,"Part 1 Chinese Recipes. Rules for Cooking. Soups. Gravy. Fish. Poultry and Game. Meats. Chop Sueys. Chow Mains. Fried Rice. Omelettes. Vegetables. Cakes. Part II. Japanese Recipes. Soups. Fish. Poultry and Game. Omelettes and Custards. Vegetable and Relishes. Cakes, Candies, Sweetmeats. Bean Sprouts and Beverages. List of Chinese and Japanese Groceries. Index.","PREFACE Chinese cooking in recent years has become very popular in America, and certain Japanese dishes are also in high favor. The restaurants are no longer merely the resort of curious idlers, intent upon studying types peculiar to Chinatown, for the Chinese restaurants have pushed their way out of Chinatown and are now found in all parts of the large cities of America. In New York they rub elbows with and challenge competition with the finest eating palaces. Their patronage to-day is of the very best, and many of their dishes are justly famous. There is no reason why these same dishes should not be cooked and served in any American home. When it is known how simple and clean are the ingredients used to make up these Oriental dishes, the Westerner will cease to feel that natural repugnance which assails one when about to taste a strange dish of a new and strange land. Bread, butter, and potatoes are never used by the Chinese or Japanese. Tea is drunk plain, with neither cream nor sugar, but great care should be used in its brewing. Rice is indispensable, and should be cooked in that peculiarly delectable fashion of which the Oriental peoples alone are past masters. The secret of the solid, flaky, almost dry, yet thoroughly cooked rice lies in the fact that it is never boiled more than thirty minutes, is covered twenty minutes, never stirred nor disturbed, and set to dry on back of range when cooked, covered with a cloth. Mushy, wet, slimy, overcooked rice is unknown to the Chinese and Japanese. Sweetened rice, as in rice pudding and similar dishes, is unknown. Rice takes the place of such staples as bread and potatoes. Syou, sometimes called Soye, is similar to Worcestershire and similar European sauces. In fact, the latter are all said to be adaptations of the original Chinese syou, and most of these European sauces contain In China, with the exception of rice, bonbons, and so on, food is served in one large dish or bowl, out of which all eat, using the chop-sticks. Considerable etiquette governs the manner of picking desired morsels from the main bowls. In high-caste or mandarin families a servant has his place at the foot of the table, but he stands throughout the meal. It is his duty to serve at the table the portions from the main dishes to each individual, and to do what the host generally does for the comfort of those at table. The other servants waiting on table take their orders from him, and he is really there as a sort of proxy for the host. In Japan, individual meals are brought in on separate trays to each person. All sit cross-legged upon the floor before their trays. The Japanese consider it gross and vulgar to put For this book only such Chinese and Japanese dishes have been selected as would appeal to the Western palate, and which can be prepared with the kitchen utensils of Western civilization. Many dishes prepared by the Chinese cooks in this country are only modifications of their native dishes. Recipes for the same dish, obtained from different parts of China, vary considerably. The combinations here given are those which experience has proved most easily prepared and most palatable. The authors advise any one who intends to cook ""Chinese"" to go to some Chinese restaurant and taste the various dishes he desires to cook. A good cook always should know what a dish tastes like before he tries to cook it. All cooks can tell how the taste of a strange dish reveals to him No cookbooks, so far as the authors know, have ever been published in China. Recipes descend like heirlooms from one generation of cooks to another. The recipes included in this book (the Chinese ones, that is) have been handed down from Vo Ling, a worthy descendant of a long line of noted Chinese cooks, and himself head cook to Gow Gai, one time highest mandarin of Shanghai. They are all genuine, and were given as an especial expression of respect by a near relative of the famous family of Chinese cooks."
conf,"The Complete Confectioner, Pastry-Cook, and Baker",['Parkinson'],1864,English,"Complete title: The Complete Confectioner, Pastry-Cook, and Baker. Plain and Practical Directions for Making Confectionary and Pastry, and for Baking; with Upwards of Five Hundred Receipts: Consisting of Directions for Making All Sorts of Preserves, Sugar-Boiling, Comfits, Lozenges, Ornamental Cakes, Ices Liquers, Waters, Gum-Paste Ornaments Syrups, Jellies, Marmalades, Compotes, Bread-Baking, Artificial Yeasts, Fancy Biscuits, Cakes, Rolls, Muffins, Tarts, Pies, &c. &c.","PREFACE ALMOST every foreigner who visits this country remarks with astonishment the almost universal neglect of that art upon which, more than any thing else, depends the health and comfort of a people; and by many scientific men have most of the prevalent diseases of this country, especially the dyspepsia, been ascribed to the hurried, crude and unwholesome manner in which our food is prepared; of latter years, more attention has been paid to cooking; but the handmaiden of that parent art, confectionary, is still neglected and unknown, yet it is of little less importance than the graver branch referred to. Confectionary is the poetry of epicurism it throws over the heavy enjoyments of the table the relief of a milder indulgence, and dispenses the delights of a lighter and more harmless gratification of the appetite. The dessert, properly prepared, contributes equally to health and comfort; but ""got up"" as confectionary too often is, it is not only distasteful to a correct palate, but is deleterious and often actually poisonous. In introducing to the American public the modes by which the table of hospitality may be enriched and Having for many years been connected with the oldest, most extensive and successful confectionary establishment in the country, we have been enabled to make from our own experience many important modifications and to introduce many additional receipts, particularly in relation to the various articles of luxury which the bounty of our soil and climate render almost exclusively American. The volume has thus been increased in size, and we trust improved in value. Trusting that our efforts to advance the popular knowledge of the art which has for many years engaged our attention, may meet with approbation, we present the result of our labours to a candid and indulgent public. Chestnut Street,"
creo,La Cuisine Creole,['Lafcadio Hearn'],1885,Creole,"Complete title: La Cusine Creole, a Collection of Culinary Recipes From Leading Chefs and Noted Creole Housewives, Who Have Made New Orleans Famous for Its Cuisine.",
dish,Dishes & Beverages of the Old South,['Martha McCulloch-Williams'],1913,AfricanAmerican,"Grace before Meat. The Staff of Life. Saving Your Bacon. Hams and Other Hams. For Thirsty Souls. Paste, Pies, Puddings. Creole Cookery. Cakes, Great and Small. Meat, Poultry, Game, Eggs. Soups, Salads, Relishes. Vegetables, Fruit Desserts, Sandwiches. Pickles, Preserves, Coffee, Tea, Chocolate. When the Orchards ""Hit"". Upon Occasions. Soap and Candles.",
epia,The Epicurean,['Charles. Ranhofer'],1893,French,"Complete title: The Epicurean. A complete treatise of Analytical and Practical Studies on the Culinary Art including Table and Wine Service, How to Prepare and Cook Dishes, an Index for Marketing, a Great Variety of Bills of Fare for Breakfasts, Luncheons, Dinners, Suppers, Ambigus, Buffets, etc., and a Selection of Interesting Bills of Fare of Delmonico's, from 1862 to 1894. Making a Franco-American Culinary Encyclopedia.","PREFACE. IN PUBLISHING this work I have endeavored to fill a much needed want, viz: -the best and most effectual manner of preparing healthy and nutritious food. This edition contains innumerable recipes which I have simplified and explained in a comprehensive manner so as to meet the wants of all. It suggests, also, many useful and important hints to those about entering the profession. The book is illustrated and contains instructions how to prepare, garnish and serve according to the traditional rules of our most able predecessors, and now followed by the principal chefs of France and the United States. In some instances, where it was deemed necessary to differ from the standard rules and methods in order to cater to the various tastes, changes have been made. The book is divided into twenty-four chapters: Table Service, Bills of Fare, Supplies, Elementary Methods, Soups, Stocks, Hot and Cold Sauces, Garnishings, Hot and Cold Side Dishes, Shell Fish, Crustaceans, Fish, Beef, Veal, Mutton, Lamb, Pork, Poultry, Game, Miscellaneous Entrées, Cold Dishes, Vegetables, Cereals, Hot and Cold Desserts, Pastry, Bakery, Confectionery, Ices, Fruit, Wines and Preserves. Not relying solely on my experience and knowledge, I have quoted from the most illustrious modern author, my much beloved friend and colleague, Urbain Dubois, ex-chef at the Court of Germany, and it gives me sincere pleasure to thank him for his generous assistance. The profession will acknowledge its indebtedness to the Messrs. Delmonico for the interest shown by them in developing the gastronomic art in this country. Many will recall the business receptions given to distinguished guests under the supervision and direction of Delmonico. Mention may be made of the following dinners: to President U. S. Grant, to President A. Johnson, to the Grand Duke Alexis of Russia, to Gen. Prim, to Charles Dickens, to Sir Morton Peto, to Aug. Belmont, to Giraud Foster, to Gen. Cutting, to Luckmeyer, the so-called ""Black Swan Dinner,"" to Admiral Renaud, to Prof. Morse, to Bartholdi, to De Lesseps, to the Comte de Paris, also the ball given to the Russian Admiral and Fleet, and the Greek dinner. I have entitled this work THE EPICUREAN, and have justly dedicated it to the memory of Messrs. Delmonico, as a token of my gratitude and sincere esteem. Their world-wide reputation continues to be maintained by Mr. C. C. Delmonico. In conclusion I feel that my experience will be useful to those seeking information in the gastronomic art. Hoping the public will appreciate my efforts, I remain respectfully, CHARLES RANHOFER."
epib,"The Epicurean A Complete Treatise of Analytical and Practical Studies on The Culinary Art, Including",['Charles. Ranhofer'],1894,French,"The Epicurean. A Complete Treatise of Analytical and Practical Studies on The Culinary Art, Including Table and Wine Service, How to Prepare and Cook Dishes, an Index for Marketing, a Great Variety of Bills of Fare for Breakfasts, Luncheons, Dinners, Suppers, Ambigus, Buffets, etc., and a selection of Interesting Bills of Fare of Delmonico's from 1862 to 1894. Making a Franco-American Culinary Encyclopedia.",
fish,"What Mrs Fisher Knows about Old Southern Cooking, Soups, Pickles, Preserves, etc",['Abby. Fisher'],1881,AfricanAmerican,"Breakfast Breads; Broiled Meats; Croquettes; Cakes, Etc; Pickles, Sauces, Etc; Pies, Etc; Puddings; Preserves, Spices, Etc; Roast Meats; Salads; Sherbets; Soups, Chowders, Etc; Miscellaneous.","PREFACE AND APOLOGY. The publication of a book on my knowledge and experience of Southern Cooking, Pickle and Jelly Making, has been frequently asked of me by my lady friends and patrons in San Francisco and Oakland, and also by ladies of Sacramento during the State Fair in 1879. Not being able to read or write myself, and my husband also having been without the advantages of an education--upon whom would devolve the writing of the book at my dictation--caused me to doubt whether I would be able to present a work that would give perfect satisfaction. But, after due consideration, I concluded to bring forward a book of my knowledge--based on an experience of upwards of thirty-five years--in the art of cooking Soups, Gumbos, Terrapin Stews, Meat Stews, Baked and Roast Meats, Pastries, Pies and Biscuits, making Jellies, Pickles, Sauces, Ice-Creams and Jams, preserving Fruits, etc. The book will be found a complete instructor, so that a child can understand it and learn the art of cooking. Respectfully, MRS. ABBY FISHER,  I take pleasure in referring, by permission, to the following of my friends, namely: WM. F. BLOOD..............415 California Street, San Francisco E.M. MILES................413 Montgomery Street, San Francisco WM. O. GOULD..............512 California Street, San Francisco MRS CHARLES S. NEALE.........1814 Sutter Street, San Francisco MRS. JOHN HARROLD...........416 Chestnut Street, San Francisco Mrs. W.H. GLASCOCK.....................................Oakland Mrs. G.H. COY..................431 Geary Street, San Francisco Mrs. JOHN C. FALLS...............................San Francisco Mrs. LOUIS H. VANSCHAICK........129 page Street, San Francisco"
fofb,Foods of the Foreign-Born In Relation to Health,['Bertha M. Wood'],1922,Asian,"Dietary Backgrounds; Mexicans; Portuguese; Italians; Hungarians; Poles and Other Slavic Peoples; The Near East: Armenians, Syrians, Turks, and Greeks; Jews; Applications.","PREFACE THE purpose of the study which resulted in the collection of the enclosed material was to compare the foods of other peoples with that of the Americans in relation to health. The inspiration for the work came at the request of Mr. Michael M. Davis, Jr. A deep sense of appreciation is felt toward many friends and fellow workers who very kindly coöperated. Acknowledgment is here given to a large number of men and women of different nationalities for their patience and help in teaching the recipes which had to be made many times before the measurements were standardized. Mrs. Mary L. Schapiro's article, ""Jewish Dietary Problems,"" was of great value in making the study of Jewish food habits. Many thanks are due to Miss Minnie Newman, of the Foreign Department of the National Young Women's Christian Association, for much information secured in relation to both the Polish and Hungarian diets. To all others who from time to time added valuable information, this piece of work is gratefully dedicated. BERTHA M. WOOD. BOSTON, December, 1921."
fran,La Cuisine Française French Cooking for Every Home Adapted to American Requirements,['François Tanty'],1893,French,The soups. The hors d'oeuvres. Fish and shell fish. Eggs. The meats. Poultry. Game. Vegetables. Sweet dishes.,"HOW TO SET A TABLE. AT first glance nothing pleases the eye of a guest more than a well set table, that is to say, where elegance is combined with good taste. On that matter Americans need very little advice, because, as a rule, they are very fond of fine linen and decorations of fruit and flowers. Therefore, we will give only practical hints, taking as example a dinner quite fashionable, leaving to the housewife the care of simplifying the same for family dinners. The table should be spacious enough to avoid the crowding of dishes or covers, and to permit the guests being comfortably seated. There are many ways of decorating a table, the following being the one our experience has proven to be the best: Place a center piece of flowers, around which (and according to the size of the table) may be disposed smaller pieces of flowers, fruits, bon-bons, etc., and also the ""Hors d'Oeuvres"" served in special small dishes. Candle light being more fashionable than gas, and also more beautifying for the ladies, candelabra should be placed in sufficient number. Before each plate place the necessary number of glasses, of different sizes, according to the wines that are to be served; this number not to surpass five, viz: A glass for water. A glass for white wine, claret and burgundy. A glass for madeira, sherry and sweet dessert wines. A glass for Rhine wine (if served). * A glass or cup for champagne. Don't fill the water glass before the dinner, but place decanters At the right sharp steel Before the cover a set of smaller knife, fork and spoon for the sweet dishes and dessert. This last knife should have a silver blade. *This glass is usually green or amber. The napkin should be of good size, placed on the plate, Between each cover should be a salt cellar; for the pepper the best is to have some pepper mills white Before each cover, and supported by the glass should be a ""Menu"" (bill of fare) printed or hand-written; it will prove more convenient if on each card you write the name of the particular guest who will occupy the place. The meats should be carved in the kitchen, but the parts put together in a way to represent the whole piece; they will be distributed by the host or the hostess, or, better, the dish shall be presented at the left In every dinner ""á la Française"" wine is served; the number, kinds and quality varying of course according to the importance of the dinner. This is the general order in which they are served, viz: After the soup.--A strong dry wine such as madeira, or sherry. With the fish.--A white dry wine such as Sauternes, Chablis, Chateau d'Yquem, Rhine wine, etc. After the fish and until the roast.--Claret. With the roast.--Burgundy. With sweet dishes.--Champagnes or dessert wines such as Tokay, Malaga, Constance, etc. As a last advice, remember the old adage: ""The dinner should never await the guests, but the guests the dinner, because, however well cooked, a dish cannot be warmed over."" An illustration of three pigs playing musical instruments in a barn yard with with ducks, a rooster and rabbit looking on."
frca,"The Frugal Housewife, or Complete Woman Cook;Also The Making of English Wines",['Sussannah Carter'],1803,English,"Complete title: The Frugal Housewife, or Complete Woman Cook; wherein the Art of Dressing All Sorts of Viands is Explained in Upwards of Five Hundred Approved Receipts, in Gravies, Sauces, Roasting, Boiling, Frying, Broiling, Potting, Collaring, Preserving, Diving, Pickling, Stews, Hashes, Soups, Fricassees, Ragouts, Pastries, Pies, Tarts, Cakes, Puddings, Syllabubs, Creams, Flummery, Jellys, Giams, Custarts, &c. Also The Making of English Wines.",
gtte,"Good Things to Eat, As Suggested By Rufus",['Rufus Estes'],1911,AfricanAmerican,"Complete title: Good Things to Eat, As Suggested By Rufus; A Collection of Practical Recipes for Preparing Meats, Game, Fowl, Fish, Puddings, Pastries, Etc.","FOREWORD  A large illustrative T. Behind the T, a woman places a finished pie on a shelf. The recipes given in the following pages represent the labor of years. Their worth has been demonstrated, not experimentally, but by actual tests, day by day and month by month, under dissimilar, and, in many instances, not too favorable conditions. One of the pleasures in life to the normal man is good eating, and if it be true that real happiness consists in making others happy, the author can at least feel a sense of gratification in the thought that his attempts to satisfy the cravings of the inner man have not been wholly unappreciated by the many that he has had the pleasure of serving--some of whom are now his staunchest friends. In fact, it was in response to the insistence and encouragement of these friends that he embarked in the rather hazardous undertaking of offering this collection to a discriminating public. To snatch from his daily toil a few moments, here and there, in order to arrange with some degree of symmetry, not the delicacies that would awaken the jaded appetite of the gourmet, but If, when gathered around the festal board, in camp or by fire-side, on train or ship, ""trying out"" the recipes, his friends will pause, retrospectively, and with kindly feelings think from whence some of the good things emanated, the author will feel amply compensated for the care, the thought, the labor he has expended in the preparation of the book; and to those friends, individually and collectively, it is therefore dedicated."
hand,"Hand-Book of Practical Cookery, for Ladies and Professional Cooks Containing The Whole Science and Art of Preparing Human Food",['Pierre. Blot'],1868,French,"Cooking; Directions, Explainations, etc.; Divers Receipts; Potages or Soups; Sauces; Farces and Garnitures; Fish; Beef; Mutton; Veal; Pork; Poultry; Game; Vegetables; Eggs, Macaroni, and Rice; Sweet Dishes; Pastry; Bills of Fare; Index.","PREFACE. FOOD is the most important of our wants; we cannot exist without it. The man who does not use his brain to select and prepare his food, is not above the brutes that take it in its raw state. It is to the physique what education is to the mind, coarse or refined. Good and well-prepared food beautifies the physique the same as a good and well-directed education beautifies the mind. A cook-book is like a book on chemistry, it cannot be used to any advantage if theory is not blended with practice. It must also be written according to the natural products and climate of the country in which it is to be used, and with a perfect knowledge of the properties of the different articles of food and condiments. Like many other books, it is not the size that makes it practical; we could have made this one twice as large as it is, without having added a single receipt to it, by only having given separate ones for pieces of meat, birds, fishes, etc., that are of the Although cookery has made more progress within two or three years, in this country as well as in Europe, than it had since 1830, and although all our receipts are complete, practical, wholesome, and in accordance with progress, still they are simple. Our aim has been to enable every housekeeper and professional cook, no matter how inexperienced they may be, to prepare any kind of food in the best and most wholesome way, with economy, celerity, and taste; and also to serve a dinner in as orderly a manner as any steward can do. We did not intend to make a book, such as that of CARÈME, which cannot be used at all except by cooks of very wealthy families, and with which one cannot make a dinner costing less than twenty dollars a head. Such a book is to housekeepers or plain cooks what a Latin dictionary is to a person of merely elementary education. If we give so many different ways of preparing the same article of food, it is not with a view to complicate cookery, but people's taste is in food as in dress, differing not only in the selection of colors, but also in shape; therefore, by our variety of dishes and our different styles of decorating them; by the ease Our division of cookery and the system of arranging bills of fare, TO HOUSEKEEPERS AND COOKS. A cook-book cannot be used like a dictionary; a receipt is like a rule of grammar: to comprehend it thoroughly, it is indispensable to understand others. The author, therefore, earnestly recommends to his readers to begin by perusing carefully the directions, etc., at the beginning of the book, and also the explanations given on and heading the different articles of food, before attempting the preparation of a dish for the first time. They will thus soon be able to prepare any dish by merely reading the receipt. If all the explanations necessary were given at every receipt, this work would have filled more than ten volumes like the present. We are aware that the study of cookery is as uninviting and dry as the study of grammar at first; so is the study of every science and even art; but it becomes comparatively easy and interesting after a while. Mere flourish in a receipt would have the same effect as in a rule of grammar. TO COOKS. We think the following friendly recommendations will not be out of place here. They are in the interest of both the housekeeper and the cook: Make use of every thing good. Waste nothing, however little it may be. Have no prejudices. Be careful, clean, and punctual. Always bear in mind that routine is the greatest enemy of progress, and that you have agreed to faithfully perform your daily duties for a certain consideration. PIERRE BLOT. NEW YORK, August,"
henr,Henriette Davidis' Practical Cook Book Compiled For The United States From The Thirty-Fifth German Edition,['Henriette Davidis'],1897,German,Henriette Davidis' Practical Cook Book Compiled For The United States From The Thirty-Fifth German Edition.  Containing An Appendix Of Receipts For Dishes Prepared In Styles Peculiar To Cooking As Done In This Country.  With The German Weights and Measures According To The American System.  Supplemented By An English-German And German-English Vocabulary Of Culinary Terms.,
hote,"Hotel Keepers, Head Waiters, and Housekeepers' Guide",['Tunis Gulic Campbell'],1848,AfricanAmerican,Dinner. Drill. Division of Work. Lunches. Dress. Regulations for General and Squad Drills. General Remarks. Explanation of Plates. Courses. Recipes. Conclusion. Certificates.,
hous,The House Servant's Directory,['Robert. Roberts'],1827,AfricanAmerican,"Complete title: The House Servant's Directory, or A Monitor for Private Families: Comprising Hints on the Arrangement and Performance of Servants' Work, with General Rules for Setting Out Tables and Sideboards in First Order; the Art of Waiting in all its Branches; and Likewise How to Conduct Large and Small Parties with Order; with General Directions for Placing on Table All Kinds of Joints, Fish, Fowl, &c. with Full Instructions for Cleaning Plate, Brass, Steel, Glass, Mahogany; and Likewise All Kinds of Patent and Common Lamps: Observations on Servants' Behaviour to their Employers; and Upwards of 100 Various and Useful Receipts, Chiefly Compiled for the Use of House Servants; and Identically Made to Suit the Manners and Customs of Families in the United States.",
ital,The Italian Cook Book: The Art of Eating Well,['Maria Gentile'],1919,Italian,"Complete title: The Italian Cook Book: The Art of Eating Well. Practical Recipes of the Italian Cuisine: Pastries, Sweets, Frozen Delicacies, and Syrups.","PREFACE One of the beneficial results of the Great War has been the teaching of thrift to the American housewife. For patriotic reasons and for reasons of economy, more attention has been bestowed upon the preparing and cooking of food that is to be at once palatable, nourishing and economical. In the Italian cuisine we find in the highest degree these three qualities. That it is palatable, all those who have partaken of food in an Italian trattoria It has therefore been thought that a book of PRACTICAL RECIPES OF THE ITALIAN CUISINE could be offered to the American public with hope of success. It is not a pretentious book, and the recipes have been made as clear and simple as possible. Some of the dishes described are not peculiar to Italy. All, however, are representative of the Cucina Casalinga"
jenn,Jennie June's American Cookery Book,['Jane Cunningham Croly'],1866,Jewish,"Complete title: Jennie June's American Cookery Book, Containing Upwards of Twelve Hundred Choice and Carefully Tested Receipts; Embracing All the Popular Dishes, and the Best Results of Modern Science, Reduced to a Simple and Practical Form. Also, a Chapter for Invalids, for Infants, one on Jewish Cookery; and a Variety of Miscellaneous Recipts of Special Value to Housekeepers Generally.","TO THE READER A NEW edition gives me the opportunity to add a chapter to this little work, which, I hope, will give it additional interest and value, and also to offer a word of apology and explanation to my readers. A longer experience has demonstrated one error, which is of such importance to young mothers that I desire to correct it here. This is in regard to diluting pure. All that I have to say in regard to the receipts contained in the additional chapter is, that they are genuine, and were obtained directly, excepting in one instance, (where it was furnished by a friend,) from the parties themselves. All that I have to beg of young housekeepers is, that they will try them with their own hands, and not turn them over to the tender mercies of Bridget. It is not the personal extravagance of American women that is sapping the foundation of American homes. It is the disintegrating quality of our domestic service. JENNIE JUNE CROLY."
jewi,The International Jewish Cook Book,['Florence Kreisler. Greenbaum'],1918,Jewish,"Complete title: The International Jewish Cook Book: 1600 Recipes According to The Jewish Dietary Laws with the Rules for Kashering. The Favorite Recipes of America, Austria, Germany, Russia, France, Polland, Roumania, Etc., Etc.","PREFACE In compiling these recipes every effort has been made to bear in mind the resources of the Jewish kitchen, as well as the need of being economical and practical. The aim throughout has been to lay special emphasis on those dishes which are characteristically Jewish--those time-honored recipes which have been handed down the generations by Jewish housewives (for the Sabbath, Passover, etc.). But the book contains a great many other recipes besides these, for the Jewish cook is glad to learn from her neighbors. Here will be found the favorite recipes of Germany, Hungary, Austria, France, Russia, Poland, Roumania, etc.; also hundreds of recipes used in the American household. In fact, the book contains recipes of every kind of food appealing to the Jewish taste, which the Jewish housewife has been able to adapt to the dietary laws, thus making the Cook Book truly International. The manner of presentation is clear and simple, and if directions are followed carefully, will insure success to the inexperienced housewife. For the book has been largely planned to assist her in preparing wholesome, attractive meals; to serve the simplest as well as the most elaborate repast--from appetizer to dessert--without transgressing the dietary laws. At the same time the book offers many valuable suggestions and hints to the most expert cook. In this book are also directions for making meat substitutes and many economies of the hour, which have been added to meet the needs of the present day."
matf,Mary at the Farm and Book of Recipes,['Edith M. Thomas'],1915,German,"Complete title: Mary at the Farm and Book of Recipes Compiled During Her Visit Among the ""Pennsylvania Germans""","PREFACE The incidents narrated in this book are based on fact, and, while not absolutely true in every particular, the characters are all drawn from real life. The photographs are true likenesses of the people they are supposed to represent, and, while in some instances the correct names are not given (for reasons which the reader will readily understand), the various scenes, relics, etc., are true historically and geographically. The places described can be easily recognized by any one who has ever visited the section of Pennsylvania in which the plot (if it can really be called a plot) of the story is laid. Many of the recipes given Mary by Pennsylvania German housewives, noted for the excellence of their cooking, have never appeared in print. THE AUTHOR."
neig,The Neighborhood Cook Book,['Council of Jewish Women'],1914,Jewish,"Appetizers. Beverages, Hot and Cold. Breakfast Dishes. Bread, Biscuits, etc. Cakes. Canning. Confectionary. Coffee Cake or Kuchen. Cookies. Desserts. Directions for Serving Dinner. Entrees. Fish. Fillings and Icings for Cakes. Game. Household Hints. Ice Cream and Frozen Dainties. Invalid Cookery. Jellies, Jams, Preserves and Marmalades. Meats. Pastries and Pies. Pickles. Poultry. Puddings and Desserts. Salads and Dressings. Sandwiches. Sauces for Fish and Meats. Sauces for Puddings. Shell Fish and Shell Fish Entrees. Soups and Ingredients. Vegetables. Wines and their proper usage.","The first edition of the Neighborhood Cook Book was issued in December, 1912, and exhausted within ten months. So great has been the demand from all parts of the United States, that the Council decided to issue a second edition in 1914. The book has been revised and enlarged, many choice recipes being added, and we hope for its continued success. FLORA K. LIPPITT"
orie,The Oriental Cook Book,['Ardashes H. Keoleian'],1913,Asian,"Complete Title: Wholesome, Dainty and economical dishes of the Orient, especially adapted to american tastes and methods of preparation","PREFACE In many respects the cooking of a country is directly indicative of the character of its inhabitants. Often, the disposition of a person, or of a nation, can be traced back with considerable certitude to the kind of food which has been habitually eaten for long periods. At any rate, there is always a certain correspondence to be noted between the general characteristics--physical, mental and spiritual (as we say for want of a better word)--and the foods, or the special methods of cooking of each individual, geographical section, nationality and racial group. This is a peculiarly fascinating line of thought, too much so, in fact, to be more than hinted at here; for anything even remotely approaching an adequate consideration of it would be out of all proportion to the space at our command for these few preliminary words. It must suffice, then, to say merely that the Orient, like the French Nation, presents unmistakable evidence of this great truth. But, in addition to this law of individual and distinctive variation in the matter of cooking, as In fact, the steadily increasing appreciation of, and demand among Occidentals for, Oriental cooking, finally induced us, among other reasons, to undertake the difficult task of writing this book. The preparation of it we term a difficult task, perhaps for no other reason than this singular one, namely, the non-existence in the Orient, or among any of the Oriental nations--except among Being of Oriental origin, but knowing quite thorughly the characteristic taste of Western peoples in certain of the fine arts--in Oriental rugs, tapestries and general antiques, for example, as well as in other lines that have been appreciated by the educated and cultured--we have taken the pains, at the original suggestion and because of the incessant requests of some intimate American friends, to prepare this book. It has cost us many of the best years of our life and many expensive trips to the Orient, in order to secure at first hand right, positive, tested and authoritative information in regard to many things concerning which we As a consequence, we believe we have finally evolved a book which gives, in a designedly limited compass, the most representative, meritorius and easily adaptable methods of food preparation that are known and practiced all over the Orient by various nationalities, such as the Armenians, Bulgarians, Caucasians, Egyptians, Greeks, Jews, Persians, Syrians, Turks, etc., etc. All human beings are naturally gifted with more or less ability, when occasion requires, to prepare food for themselves. The true art of Cookery, however, is not the possession of many, especially when it is exercised for the highest good and pleasure of others. This truly specialized and But cookery should not be made a difficult task by minute descriptions of compositions and combinations--as is true of many cook books--in such a way as to cause the average housekeeper bewilderment or discouragement. Of course, excellent results in the art of cookery require a general knowledge of and experience in the art, on the part of the cook, yet, it should also be left with her to make a fair attempt at it, and use her own judgment considerably, regarding preparation and results. Cookery is neither practical nor successful when it is too scientific, because such success is largely dependent on the taste of the cook and those for whose enjoyment it is prepared. Civilization has taught human beings to be careful in their selection of foodstuffs, and again, it has taught them, on the whole, to prepare the food in a way to make it more nourishing and palatable. Thus, the common reasons for cooking are already known to every person, which are, namely: To do away with the hurtful substances in foodstuffs, and to cause destruction to microbes and other foreign matter in flesh and in vegetables. To assist mastication and hasten digestion of food through proper combinations of various eatables; and finally To use or serve them in the best style, suited to the customs and conceptions of civilized people. Although cooking recipes are innumerable and vary much in different countries, still the general methods of cookery are simple and their operations few in number. They are: Boiling Stewing, Broiling Grilling, Baking, Roasting Frying Oriental Cookery, like all else Oriental, is not based on strict science, but on natural and happy Oriental cookery is valued not only because of its economy, because one can get the most out of the least material used in the preparation of a food, but it is also recognized and esteemed for its general body-building and nourishing character, and although it is solid and substantial, it is often dainty as well. In Oriental cooking, not a single dish is dependent on the extravagant use of expensive and various ingredients which, when counted up, make food very expensive, Successful Oriental cooking is based on the It has, furthermore, been taken for granted that those who purchase a copy of this Oriental Cook Book Boiling Frying, Thus--not believing it to be consistent with our present purpose--we have avoided giving the different food properties contained in each ingredient, such as the water, the albuminoids, the fat, the starch, the sugar the salts, In short, we have not written anything about the degree of temperature at which olive oil or butter will melt or come to a smoking point, nor stated that such ingredients are nourishing in certain conditions and not in others; that meat, fish or vegetables will fry in fat of a certain degree and not in less, etc., etc. All these things have been avoided because we take it for granted that our readers will only be interested in the recipes of Oriental Cookery and the facts relating thereto, which have been handed down through the centuries. While wishing to be modest in all our assertions regarding the merits of this Oriental Cook Book, We have omitted illustrations in this book, for the good reason that Oriental cooking is wholly based on remarkable combinations of foodstuffs which no illustration can ever depict. We feel that all our efforts will be well and fully repaid if this work meets with appreciation on the part of any considerable number of those who are interested in the art of cookery, either as housewives, cooking teachers or professional cooks. We are quite confident that it will do so, if merit counts for anything, for it not only stands alone as an exposition of Oriental cookery in English, but we cannot find that it lacks any of the essentials We also trust that this book may be found to be, to some degree at least, instrumental in reducing the high cost of living for those who make use of it, inasmuch as one of the fundamentals of Eastern cookery is the maximum of savor with the minimum of expense. Were it possible for us to allude, in this preface, to the many remarkable dishes that have made Oriental cookery famous, perhaps they might induce a readier recognition of the merits of the book. However, as they are dealt with in detail in their respective places in the body of the work, we refrain from mentioning them in this limited space, leaving it to our readers to make use of the recipes which we have made as explanatory as possible. By the will of Allah, we remain, Very sincerely yours, ARDASHES H. KEOLEIAN. New York, N. Y. 1913."
sett,"The ""Settlement"" Cook Book",['Simon Kander'],1901,Jewish,"Chapter headings: Appetizers, Beverages Hot and Cold, Biscuits and Breakfast Cakes, Bread Rolls and Toast, Cake.",
swed,Svensk-Amerikansk Kokbok Swedish-English Cookbook,['Author Unknown'],1895,Swedish,"Sample recipes: Yeast and bread, Meat dishes, Poultry and game, Fish and oysters, Salads and dressings","INLEDNING. Preface. In response to an often repeated request the public is herewith furnished with a Swedish-American Cook-Book, printed in parallel columns. Many persons associate the idea of wealth with culinary perfection; others consider unwholesome, as well as expensive, everything which goes beyond the categories of boiling, roasting and the gridiron. Others are aware that wholesome and luxurious cookery is by no means incompatible with limited pecuniary means wilst in roasted, boiled and broiled meats, which constitute what is termed true American fare, much that is nutritive and agreeable is often lost for want of skill in preparing them. Food of every description is wholesome and digestible in proportion as it approaches nearer to the state of complete digestion. In cooking and roasting it is important not to have too hot fire. Same should be of an The French Russian An original Swedish institution mentioned in the last chapter is ""Smörgåsbord,"" served before meals either on a smallside table or passed around, generally disposed of in a standing position. The ""smörgåsbord"" is supposed to sharpen the appetite of those participating therein. A complete alphabetical index will be found commencing on page 370."
syst,A New System of Domestic Cookery,['Maria Eliza Ketelby Rundell'],1807,English,"Complete title: New System of Domestic Cookery; Formed upon Principles of Economy, and adapted to the use of Private Families.",
time,The Times Cook Book - No 2,['By California Women'],1905,Mexican,"Complete Title: The Times Cook Book - No. 2 957 Cooking and other Recipes by California Women. 79 recipes for Spanish dishes; 109 recipes for soups; 135 recipes for salads; 37 recipes for bread and rolls; 111 recipes for cakes; 51 recipes for cookies and doughnuts; 62 recipes for desserts; 90 recipes for marmalades; 8 ways of preparing eggs; 27 recipes for cooking fish and fowl; 20 recipes for cooking meats and stews; 24 ways of preparing vegetables; 55 recipes for making candies; 18 miscellaneous recipes; 1 menu for Easter luncheon, comprising 4 recipes; 9 menus for picnic lunches, comprising 42 recipes. Brought out by the 1905 series of prize recipe contests in the Los Angeles Times.",
zuni,Zuñi Breadstuff,['Frank Hamilton Cushing'],1920,Indian,"Forward; Creation, and the Origin of Corn;The Origin of the Dragonfly and of the Corn Priests, or Guardians of the Seed; Land Law and Labor; Corn-raising, or the ""Decay of the Seed; Corn-raising, or the Regeneration of the Seed; I'-no-te-kwe a-wen I'-tâ-we, or the ""Food of the Ancients""; Na'-na-kwe a-wen I'-tâ-we, or the ""Food of the Grandfathers; ""The Young Men who were Fond of Parched Corn and Sweet Gruel, or The Four Awkward Suitors""; Tâ-a I'-tâ-we, or the ""Food of the Seed of Seeds""; He'-we I'-tâ-we, or the Wafer Foods; Khia' I'-tâ-we, or Wheat Food; Hu'-mu-a K'ia-na-kwe, or the Crooner Bands; The Story of the Young Hunter; How He Learned to Hunt; How He was Divorced; How He Twice Returned; About Some Indian Meals; More Indian Meals; Corn Dances and Festivals; Notes; Index","THIS series of INDIAN NOTES AND MONOGRAPHS is devoted primarily to the publication of the results of studies by members of the staff of the Museum of the American Indian, Heye Foundation, and is uniform with HISPANIC NOTES AND MONOGRAPHS, published by the Hispanic Society of America, with which organization this Museum is in cordial coöperation."
